Year,Cluster_keyword,Funding
2015,광학,934721037.0
2016,광학,2895727332.0
2017,광학,1427947991.0
2018,광학,2367748151.0
2019,광학,2265831101.0
2020,광학,1444875696.0
2021,광학,2712776755.0
2022,광학,2899862078.0
2023,광학,2735804063.0
2024,광학,2508612878.0
2025,광학,3105536795.6000366
2026,광학,3320586962.799988
2027,광학,3535637130.0
2028,광학,3750687297.200012
2029,광학,3965737464.4000244
