Year,Cluster_keyword,Funding
2015,0,160099000
2016,0,196396710
2017,0,377726906
2018,0,669467440
2019,0,926614962
2020,0,1247681256
2021,0,1613180165
2022,0,549747268
2023,0,2029970817
2024,0,1209993412
2025,0,1595157318.5702739
2026,0,1618864659.897793
2027,0,1581949903.838794
2028,0,1501403529.1239593
2029,0,1405003604.7548583
