Year,Cluster_keyword,Funding
2015,1,315618502
2016,1,306107804
2017,1,561389335
2018,1,213259778
2019,1,95572139
2020,1,58180000
2021,1,276430546
2022,1,360455641
2023,1,286965930
2024,1,518894000
2025,1,359916870.44412804
2026,1,447030130.84547025
2027,1,554470045.9644176
2028,1,670078869.4249628
2029,1,778649121.2211106