Year,Cluster_keyword,Funding
2015,3,282776535
2016,3,1181990818
2017,3,488831750
2018,3,1421020933
2019,3,1193644000
2020,3,69014440
2021,3,64168000
2022,3,611244897
2023,3,284487316
2024,3,582617000
2025,3,567787177.0970478
2026,3,592818278.5888344
2027,3,677937516.60756
2028,3,825875964.1880591
2029,3,1026953414.858046

