Year,Cluster_keyword,Funding
2015,2,176227000
2016,2,1211232000
2017,2,0
2018,2,64000000
2019,2,50000000
2020,2,70000000
2021,2,758998044
2022,2,1378414272
2023,2,134380000
2024,2,197108466
2025,2,582675633.8885497
2026,2,661873930.6679024
2027,2,721279533.5892283
2028,2,753328637.2630188
2029,2,755130859.1659853

